source,id,title,is_active,study_level,category,domain,country,funding_type,deadline,budget_required,short_description,source_url,eligibility_summary
payload_cms,3,Stage développeur junior — Orange Sénégal,True,bac3,stage,Informatique et Numérique,Sénégal,salariee,,,Stage de 6 mois rémunéré dans la direction innovation d Orange Sénégal. Projets digitaux Africa.,,"Bac+2 minimum en informatique, autonomie, maîtrise JavaScript ou Python"
payload_cms,2,Programme Erasmus+ Afrique,True,bac5,formation,Gestion et Management,Allemagne,partielle,,,Programme d échanges académiques Europe-Afrique. Séjour de 6 mois dans une université partenaire.,,"Master en cours, niveau B2 en français ou anglais, lettre de motivation"
payload_cms,1,Bourse AFD — Sciences et Technologies,True,bac3,bourse,Sciences et Technologies,France,complete,,,"Bourse complète pour étudiants africains en Licence 3 ou Master. Couvre scolarité, logement et transport.",,"Étudiants africains francophones, Bac+3 minimum, moins de 28 ans, dossier académique solide"
seed,seed-bac-001,Classes Préparatoires CPGE — Institut Prépa Afrique,true,bac,formation,sciences_tech,afrique,partial,2026-08-31,200000,"Programme de classes préparatoires aux grandes écoles d'ingénieurs, basé à Abidjan et Dakar, avec des partenariats avec des écoles françaises.",https://www.institutprepaafrique.com,"Baccalauréat scientifique (série C, D ou équivalent). Dossier scolaire solide requis."
seed,seed-bac-002,Bourse d'Excellence Al Akhawayn — Maroc,true,bac,bourse,sciences_tech,afrique,complete,2026-06-15,0,"Bourse couvrant les frais de scolarité et le logement à l'Université Al Akhawayn d'Ifrane, au Maroc, pour les meilleurs bacheliers africains.",https://www.aui.ma/en/admissions/scholarships.html,Baccalauréat avec mention Très Bien. Ouvert aux ressortissants africains francophones.
seed,seed-bac-003,Concours ENSA — École Nationale Supérieure d'Abidjan,true,bac,formation,sciences_tech,afrique,complete,2026-07-01,0,"Concours d'entrée à l'ENSA d'Abidjan, l'une des meilleures écoles d'ingénieurs d'Afrique de l'Ouest, avec bourse de l'État ivoirien.",https://www.inphb.ci,"Baccalauréat scientifique (C, D, E). Résidence en Côte d'Ivoire ou dans un pays de la CEDEAO."
seed,seed-bac-004,Programme Passerelle L1 — Université Paris-Saclay,true,bac,formation,sciences_sociales,france,partial,2026-05-30,300000,"Programme d'accueil en première année de licence à Paris-Saclay pour les bacheliers africains sélectionnés, avec accompagnement pédagogique renforcé.",https://www.universite-paris-saclay.fr/formation/licences,Baccalauréat toutes séries. Dossier Campus France obligatoire. Niveau B2 en français requis.
seed,seed-bac2-001,Licence Professionnelle Commerce International — Université de Bordeaux,true,bac2,formation,commerce,france,partial,2026-06-01,400000,"Licence pro en alternance préparant aux métiers du commerce international, accessible après BTS/DUT Commerce ou équivalent.",https://www.u-bordeaux.fr/formation/licence-professionnelle,"BTS, DUT ou équivalent Bac+2 en commerce ou gestion. Dossier Campus France requis."
seed,seed-bac2-002,Bourse AFD Formations Courtes — France,true,bac2,formation,commerce,france,complete,2026-05-15,0,Programme de l'Agence Française de Développement finançant des formations courtes (6 à 12 mois) pour des professionnels africains en reconversion ou montée en compétences.,https://www.afd.fr/fr/actualites/bourses-formations-courtes,Bac+2 minimum. Expérience professionnelle de 2 ans dans le secteur ciblé. Ressortissant d'un pays éligible AFD.
seed,seed-bac2-003,Formation Ingénierie Réseau CISCO Academy — Sénégal,true,bac2,formation,sciences_tech,afrique,complete,,0,"Formation certifiante en administration réseau et cybersécurité dispensée par la CISCO Academy, avec accès aux certifications CCNA et CCNP.",https://www.netacad.com,"Bac+2 en informatique, télécoms ou électronique. Ouvert aux étudiants et professionnels d'Afrique francophone."
seed,seed-bac2-004,Passerelle Bachelor Management — KEDGE Business School Dakar,true,bac2,formation,commerce,afrique,partial,2026-07-15,250000,"Programme de passerelle vers le Bachelor Management de KEDGE BS, campus de Dakar, pour titulaires d'un BTS ou DUT avec 2 ans d'expérience.",https://kedge.edu/programmes/bachelor/dakar,"BTS, DUT ou équivalent. Entretien de motivation requis. Possibilité de bourses partielles selon dossier."
seed,seed-lic-007,Programme Erasmus+ Droit International — Université de Louvain,true,licence,echange,droit_sciences_po,europe,partial,2026-11-30,150000,"Semestre d'échange en droit international et droits humains à l'UCLouvain (Belgique), avec bourse Erasmus+ couvrant une partie des frais de séjour.",https://uclouvain.be/fr/etudier/international/erasmus.html,Licence 2 ou 3 en droit. Accord Erasmus entre ton université et UCLouvain requis. Niveau B2 en français.
seed,seed-lic-001,Bourse Eiffel Excellence — France,true,licence,bourse,sciences_tech,france,complete,2027-01-10,0,Bourse d'excellence du gouvernement français pour les meilleurs étudiants étrangers en master et ingénierie. Allocation mensuelle + logement + billets d'avion.,https://www.campusfrance.org/fr/bourse-eiffel,Licence ou équivalent validée. Âge maximum 25 ans pour le master. Candidature via établissement d'accueil français.
seed,seed-lic-002,Programme d'Échange Erasmus+ — Belgique,true,licence,echange,droit_sciences_po,europe,partial,2026-10-01,200000,"Programme d'échange Erasmus+ avec les universités belges (ULB, UCLouvain) pour les étudiants en droit, sciences politiques et sciences sociales.",https://erasmus-plus.ec.europa.eu/fr,Licence 2 minimum. Accord Erasmus entre ton université et une université belge partenaire requis.
seed,seed-lic-008,Stage Marketing Digital — L'Oréal Paris,true,licence,stage,commerce,france,partial,2026-08-15,250000,"Stage de 4 à 6 mois au sein des équipes marketing de L'Oréal Paris, avec indemnité mensuelle et accès aux projets digitaux internationaux.",https://careers.loreal.com/fr_FR/jobs/internships,"Licence en commerce, marketing ou communication. Niveau B2 en anglais. Mobilité Paris requise."
seed,seed-lic-003,Stage International Droit — Cabinet CMS Francis Lefebvre Paris,true,licence,stage,droit_sciences_po,france,partial,2026-09-01,300000,"Stage de 3 à 6 mois dans l'un des plus grands cabinets d'avocats français, avec indemnité de stage et encadrement par des avocats associés.",https://www.cms-fl.com/fr/carrieres,"Licence 3 en droit (droit des affaires, droit international). Niveau C1 en français, B2 en anglais."
seed,seed-lic-004,Programme d'Excellence Maroc — UM6P,true,licence,formation,sciences_tech,afrique,partial,2026-07-15,150000,"Programme de master d'excellence à l'Université Mohammed VI Polytechnique (Ben Guerir), l'une des meilleures universités d'Afrique en sciences et ingénierie.",https://www.um6p.ma/fr/admissions,"Licence en sciences, ingénierie ou mathématiques. Dossier académique solide (mention Bien minimum)."
seed,seed-lic-005,Bourse DAAD Études en Allemagne — Licence vers Master,true,licence,bourse,sciences_tech,europe,complete,2026-11-15,0,Bourse du Service Allemand d'Échanges Universitaires (DAAD) pour poursuivre un master en Allemagne. Allocation mensuelle + frais de voyage + assurance.,https://www.daad.de/fr/etudier-et-faire-de-la-recherche-en-allemagne/bourses/,Licence validée avec mention. Moins de 32 ans. Niveau B2 en allemand ou C1 en anglais (programme anglophone).
seed,seed-lic-006,Programme VIE Afrique — Business France,true,licence,emploi,commerce,afrique,complete,,0,Volontariat International en Entreprise (VIE) en Afrique francophone pour les jeunes diplômés souhaitant une première expérience professionnelle internationale.,https://www.businessfrance.fr/vie,Licence minimum. Nationalité française ou de l'UE. 18–28 ans. Aucune expérience préalable requise.
seed,seed-mst-001,Bourse Fulbright — États-Unis,true,master,bourse,sciences_sociales,usa,complete,2026-06-01,0,"Programme d'échange académique du gouvernement américain finançant un master complet aux États-Unis, incluant les frais de scolarité, le logement et un billet aller-retour.",https://foreign.fulbrightonline.org,Master en cours ou Licence validée. Solide dossier académique. Maîtrise de l'anglais (TOEFL 80+ ou IELTS 6.5+).
seed,seed-mst-002,Bourse du Gouvernement Canadien — HEC Montréal,true,master,bourse,commerce,canada,complete,2026-09-01,0,"Bourse d'exemption des frais majorés à HEC Montréal, permettant aux étudiants africains de payer les frais au tarif québécois, plus bourses de mérite disponibles.",https://www.hec.ca/etudiants/mon-programme/soutien-financier/bourses/,"Licence (Bac+3 minimum) en gestion, économie ou domaine connexe. Dossier d'excellence requis."
seed,seed-mst-003,Bourse Union Africaine — Santé & Médecine,true,master,bourse,sante,afrique,complete,,0,"Programme de bourses de l'Union Africaine pour les études de master en santé publique, médecine tropicale et épidémiologie dans des universités africaines d'excellence.",https://au.int/fr/scholarships,"Licence en médecine, pharmacie ou sciences de la santé. Ressortissant d'un État membre de l'UA."
seed,seed-mst-004,Bourse Erasmus Mundus — Europe (Sciences de l'Environnement),true,master,bourse,sciences_tech,europe,complete,2027-01-15,0,"Master conjoint Erasmus Mundus dispensé dans 3 universités européennes, avec bourse complète (allocation 1 400 €/mois + frais de scolarité + voyage).",https://www.eacea.ec.europa.eu/scholarships/erasmus-mundus-scholarship_fr,"Licence en sciences de l'environnement, génie civil ou ingénierie. Hors UE. B2 en anglais minimum."
seed,seed-mst-005,Programme MasterCard Foundation — Université de Toronto,true,master,bourse,commerce,canada,complete,2026-12-01,0,"Bourse intégrale de la Fondation MasterCard pour les jeunes leaders africains souhaitant un master à l'Université de Toronto, avec accompagnement en leadership.",https://mastercardfdn.org/all/scholars/,Ressortissant africain. Engagement fort envers le développement du continent. Dossier académique excellent.
seed,seed-mst-006,Graduate Programme Danone — Afrique francophone,true,master,emploi,commerce,afrique,complete,,0,"Programme de recrutement de jeunes diplômés (Master) pour des postes à responsabilité au sein des filiales Danone en Afrique francophone (Marketing, Finance, Supply Chain).",https://www.danone.com/careers,"Master en commerce, gestion ou ingénierie agroalimentaire. Mobilité géographique requise."
seed,seed-mst-007,Stage de Recherche — Institut Pasteur Dakar,true,master,stage,sante,afrique,complete,2026-08-01,0,"Stage de master (M1 ou M2) au sein des laboratoires de recherche de l'Institut Pasteur de Dakar, avec participation à des projets de santé publique.",https://www.pasteur.sn/fr/formation,"Master en biologie, microbiologie, épidémiologie ou santé publique. Lettre de motivation et CV scientifique requis."
seed,seed-mst-008,Bourse Orange Solidarité Numérique — Formation Tech,true,master,formation,sciences_tech,afrique,complete,,0,"Programme de financement de formations en intelligence artificielle, cybersécurité et data science pour les jeunes talents africains, en partenariat avec des écoles d'ingénieurs.",https://www.orange.com/fr/groupe/fondation,"Master 1 en informatique, mathématiques ou ingénierie. Projet professionnel lié au numérique en Afrique."
seed,seed-mst-011,Bourse Sciences Po Paris — Master Affaires Internationales,true,master,bourse,droit_sciences_po,france,complete,2027-02-01,0,"Bourse d'excellence de Sciences Po Paris pour les étudiants africains en master d'affaires internationales, droit européen ou politiques publiques.",https://www.sciencespo.fr/international/fr/content/bourses-et-aides-financieres.html,"Licence en droit, sciences politiques ou relations internationales. Moins de 30 ans. Dossier académique excellent (mention Très Bien)."
seed,seed-mst-009,Bourse Campus France Excellence — Master Ingénierie,true,master,bourse,sciences_tech,france,complete,2026-12-15,0,"Bourse d'excellence du gouvernement français pour les étudiants en master d'ingénierie dans les grandes écoles françaises (Centrale, Arts et Métiers, INSA…).",https://www.campusfrance.org/fr/bourses-du-gouvernement-francais,"Licence validée (sciences, ingénierie). Moins de 28 ans. Dossier Campus France obligatoire. Niveau B2 en français."
seed,seed-mst-010,NSF Graduate Research Fellowship — États-Unis,true,master,bourse,sciences_tech,usa,complete,2026-10-15,0,Programme de bourse de la National Science Foundation américaine finançant des masters et doctorats en STEM dans les meilleures universités des États-Unis.,https://www.nsfgrfp.org,"Licence en sciences, technologie, ingénierie ou mathématiques. Maîtrise de l'anglais (TOEFL 100+ ou IELTS 7.0). Ouvert aux étudiants internationaux."
seed,seed-doc-001,Bourse TWAS-UNESCO — Doctorat en Sciences,true,doctorat,bourse,sciences_tech,afrique,complete,2026-09-30,0,Programme TWAS (The World Academy of Science) finançant des doctorats complets dans des universités scientifiques d'excellence dans les pays du Sud.,https://twas.org/opportunity/twas-fellowships,"Master en sciences, technologie, ingénierie ou mathématiques (STEM). Ressortissant d'un pays en développement."
seed,seed-doc-002,Bourse Alexander von Humboldt — Allemagne,true,doctorat,bourse,sciences_tech,europe,complete,,0,"Bourse de la Fondation Humboldt pour des chercheurs post-doctorants ou doctorants de haut niveau, permettant de mener des recherches dans une université allemande de son choix.",https://www.humboldt-foundation.de/en/apply/sponsorship-programmes,Doctorat en cours ou obtenu depuis moins de 4 ans. Invitation d'un tuteur académique en Allemagne requise. B2 en allemand ou anglais.
seed,seed-doc-003,Bourse Gouvernement Chinois — CSC Scholarship,true,doctorat,bourse,sciences_tech,afrique,complete,2026-04-30,0,"Programme de bourses du Conseil chinois de l'État (CSC) pour des études de doctorat dans les meilleures universités chinoises (Tsinghua, PKU, Fudan…).",https://www.campuschina.org/scholarships/index.html,Master validé avec excellents résultats. Âge maximum 35 ans. HSK 4 (chinois) ou IELTS 6.0 (programme anglophone).
seed,seed-doc-004,Fellowship Doctorat — African Institute for Mathematical Sciences,true,doctorat,bourse,sciences_tech,afrique,complete,2026-08-15,0,"Programme de fellowship doctoral de l'AIMS (Cameroun, Sénégal, Rwanda…) en mathématiques appliquées, data science et intelligence artificielle.",https://nexteinstein.org/fellowships/,"Master en mathématiques, statistiques, informatique ou physique. Engagement dans la recherche africaine requis."
seed,seed-tous-001,Programme Coding Bootcamp — Formation Numérique Decod'Her,true,tous,formation,sciences_tech,afrique,complete,,0,"Bootcamp intensif de 6 mois en développement web, data science ou UX design, entièrement financé pour les jeunes africains motivés, avec placement en entreprise.",https://www.decodher.com,Tout niveau d'étude accepté. Motivation et projet professionnel dans le numérique requis. Sélection sur dossier et test de logique.
seed,seed-tous-002,UNDP Young Professionals Programme — Nations Unies,true,tous,emploi,droit_sciences_po,afrique,complete,2026-10-31,0,Programme d'entrée professionnelle au sein du PNUD (Programme des Nations Unies pour le Développement) pour les jeunes diplômés africains souhaitant travailler dans le développement international.,https://www.undp.org/careers/young-professionals-programme,Licence minimum (tout domaine). Moins de 32 ans. Excellente maîtrise du français et/ou anglais. Ressortissant d'un pays membre de l'ONU.
seed,seed-tous-003,Tony Elumelu Foundation Entrepreneurship Programme,true,tous,emploi,commerce,afrique,complete,2027-01-31,0,"Programme d'entrepreneuriat africain offrant 5 000 USD de financement non remboursable, 12 semaines de formation en ligne et un mentorat personnalisé pour lancer son entreprise.",https://www.tonyelumelufoundation.org/teep,Tout niveau d'étude. Projet entrepreneurial en Afrique. Moins de 35 ans. Ressortissant africain.
seed,seed-tous-004,Programme Emploi Digital AfriLabs — Côte d'Ivoire & Sénégal,true,tous,emploi,sciences_tech,afrique,complete,,0,Réseau de hubs technologiques africains offrant des opportunités d'emploi dans des startups tech et des formations rémunérées en développement de produits numériques.,https://www.afrilabs.com/community/,"Tout niveau d'étude. Compétences en tech, design ou gestion de projet. Résidence en Afrique francophone."
seed,seed-tous-005,Bourse Excellence HEC Paris — Commerce & Management,true,tous,bourse,commerce,france,complete,2027-01-20,0,"Programme de bourses d'excellence d'HEC Paris pour les étudiants africains en commerce, finance et entrepreneuriat. Allocation mensuelle et accès au réseau alumni.",https://www.hec.edu/fr/etudiants/financer-ses-etudes/bourses,Tout niveau (L3 min). Dossier académique excellent. Projet professionnel solide. Entretien en français et anglais.
seed,seed-tous-006,Bourse SFERE-Provence — Sciences Sociales & Humanités,true,tous,bourse,sciences_sociales,france,partial,2026-10-15,150000,"Bourse du groupement SFERE-Provence pour les études en sciences sociales, sociologie et anthropologie dans les universités d'Aix-Marseille et Avignon.",https://www.sfere-provence.org/bourses,Tout niveau. Projet de recherche ou d'études en sciences sociales. Accord bilatéral entre université d'origine et partenaire SFERE requis.
seed,seed-tous-007,Bourse Vanier Canada — Excellence Internationale,true,tous,bourse,sciences_tech,canada,complete,2026-11-01,0,"Programme de bourses du gouvernement canadien offrant 50 000 CAD/an aux meilleurs étudiants internationaux en sciences, santé et sciences humaines au Canada.",https://vanier.gc.ca/fr/home-accueil.html,Tout niveau. Leadership exceptionnel et excellence académique. Candidature via université canadienne hôte.
seed,seed-tous-008,Bourse CRDI — Recherche Santé Mondiale Canada-Afrique,true,tous,bourse,sante,canada,complete,2026-09-30,0,Bourse du Centre de Recherche pour le Développement International (CRDI) pour des études ou recherches en santé mondiale et épidémiologie dans une université canadienne.,https://www.idrc.ca/fr/bourses,Tout niveau (L3 min). Projet de recherche lié à la santé en Afrique. Ressortissant d'Afrique francophone.
seed,seed-tous-009,Open Society Foundations — Bourses Droit & Justice,true,tous,bourse,droit_sciences_po,usa,complete,2026-12-01,0,"Programme de bourses de la Open Society Foundations pour des études en droit, justice sociale et droits humains dans les meilleures universités américaines.",https://www.opensocietyfoundations.org/grants/international-scholarship-programs,Tout niveau. Engagement pour les droits humains et la démocratie. TOEFL 90+. Projet professionnel dans le secteur justice/droit.
seed,seed-tous-010,American Association of University Women — Bourse Arts & Lettres,true,tous,bourse,lettres_arts,usa,complete,2026-11-15,0,"Programme de bourses de l'AAUW pour les femmes internationales souhaitant étudier les arts, lettres, sciences humaines ou l'éducation dans une université américaine.",https://www.aauw.org/resources/programs/fellowships-grants/current-opportunities/international/,"Femmes (tout niveau). Projet d'études en arts, lettres ou éducation. TOEFL 79+. Nationalité hors USA."
seed,seed-tous-011,Bourse DAAD Sciences Sociales — Allemagne,true,tous,bourse,sciences_sociales,europe,complete,2026-10-31,0,"Programme de bourses DAAD pour des études en sociologie, anthropologie, développement international ou sciences politiques dans une université allemande.",https://www.daad.de/fr/trouver-des-bourses/,Tout niveau (L3 min). B2 en allemand ou C1 en anglais. Dossier académique solide. Moins de 35 ans.
seed,seed-tous-012,Bourse EU4Africa — Commerce & Développement Durable,true,tous,bourse,commerce,europe,complete,2026-12-15,0,Programme de l'Union Européenne finançant des études en commerce international et développement durable dans des universités partenaires en Europe.,https://ec.europa.eu/international-partnerships/funding/scholarships_fr,"Tout niveau. Ressortissant d'un pays ACP (Afrique, Caraïbes, Pacifique). B2 en français ou anglais."
seed,seed-tous-013,Fondation Africaine pour la Culture — Bourse Lettres & Arts,true,tous,bourse,lettres_arts,afrique,complete,2026-08-31,0,"Programme de bourses pour les jeunes artistes et écrivains africains souhaitant approfondir leurs études en littérature, arts plastiques ou musique dans une institution africaine.",https://www.fondationculture.africa/bourses,Tout niveau. Portfolio ou œuvres représentatives requis. Résidence en Afrique francophone. Projet culturel à impact social.
seed,seed-tous-014,Programme ROCARE — Bourses Recherche Droit & Gouvernance,true,tous,bourse,droit_sciences_po,afrique,partial,2026-09-15,100000,"Programme du Réseau Ouest et Centre Africain de Recherche en Éducation finançant des études et recherches en droit, gouvernance et politiques publiques en Afrique.",https://www.rocare.org/bourse,Tout niveau. Projet de recherche ou d'études en droit ou gouvernance. Lettre de motivation et CV requis.
seed,seed-tous-015,Formation IA & Data Science — CentraleSupélec France,true,tous,formation,sciences_tech,france,partial,2026-09-01,350000,"Programme de formation intensive en intelligence artificielle et data science à CentraleSupélec (Paris-Saclay), avec accès aux laboratoires de recherche et aux entreprises partenaires.",https://www.centralesupelec.fr/fr/formation-continue/data-ia,Tout niveau (L3 min en sciences). Bases en mathématiques et programmation. Dossier de candidature en ligne.
seed,seed-tous-016,Formation Santé Publique Internationale — EHESP France,true,tous,formation,sante,france,partial,2026-07-31,400000,"Formation en santé publique internationale à l'École des Hautes Études en Santé Publique de Rennes, avec modules spécialisés sur les systèmes de santé africains.",https://www.ehesp.fr/formation/,Tout niveau (L3 min en santé ou sciences). Professionnels de santé ou étudiants en médecine/pharmacie prioritaires.
seed,seed-tous-017,Formation Continue Commerce International — HEC Montréal,true,tous,formation,commerce,canada,partial,2026-10-01,500000,"Programme de formation continue en commerce international, supply chain et finance d'entreprise à HEC Montréal, avec certification reconnue mondialement.",https://www.hec.ca/formation-continue/,Tout niveau (L3 min en gestion ou commerce). Candidature en ligne. Visa étudiant ou travail au Canada requis.
seed,seed-tous-018,Formation Génie Informatique — Polytechnique Montréal,true,tous,formation,sciences_tech,canada,partial,2026-11-15,600000,"Programme de formation professionnelle en génie informatique, cybersécurité et développement logiciel à Polytechnique Montréal, avec stages en entreprise intégrés.",https://www.polymtl.ca/formation-continue/,Tout niveau (L2 min en informatique). Tests d'admission en math et programmation. Visa étudiant Canada requis.
seed,seed-tous-019,MIT OpenCourseWare Certificate Program — Sciences & Tech,true,tous,formation,sciences_tech,usa,complete,,0,"Programme de certification en ligne gratuit du MIT couvrant l'intelligence artificielle, la robotique, l'ingénierie et les mathématiques, avec accès aux cours des meilleurs professeurs du MIT.",https://ocw.mit.edu/,Tout niveau. Connexion internet requise. Langue d'enseignement : anglais. Certification optionnelle payante.
seed,seed-tous-020,Stanford Social Innovation Review — Formation Leadership,true,tous,formation,commerce,usa,partial,2027-03-01,200000,"Programme de formation en leadership social et entrepreneuriat d'impact proposé par Stanford University, avec bourses partielles disponibles pour les candidats africains.",https://ssir.org/,Tout niveau. Projet social ou entrepreneurial en cours. B2 en anglais. Lettre de motivation décrivant l'impact visé.
seed,seed-tous-021,Formation Développement Durable — Copenhagen Business School,true,tous,formation,sciences_sociales,europe,partial,2026-08-15,450000,"Programme de formation en développement durable, RSE et économie circulaire au Copenhagen Business School (Danemark), avec séminaires pratiques et cas d'entreprise.",https://www.cbs.dk/en/education/professional-programmes,Tout niveau. B2 en anglais minimum. Intérêt pour la durabilité et la gouvernance d'entreprise. Dossier de candidature.
seed,seed-tous-022,Formation Smart Cities & Urbanisme — KTH Stockholm,true,tous,formation,sciences_tech,europe,partial,2026-09-30,400000,"Programme de formation en villes intelligentes, mobilité urbaine et infrastructures durables au KTH Royal Institute of Technology de Stockholm (Suède).",https://www.kth.se/en/studies/professional,Tout niveau (L2 min en ingénierie ou architecture). B2 en anglais. Bourse partielle possible pour ressortissants africains.
seed,seed-tous-023,Formation Journalisme & Médias — CESTI Dakar,true,tous,formation,lettres_arts,afrique,partial,2026-07-01,150000,"Formation professionnelle en journalisme, presse écrite, radio et médias numériques au Centre d'Études des Sciences et Techniques de l'Information (CESTI) de Dakar.",https://www.ucad.sn/cesti,Tout niveau (Bac minimum). Tests d'aptitude à la communication écrite. Ouvert aux ressortissants d'Afrique francophone.
seed,seed-tous-024,Programme d'Échange INSA Lyon — Sciences de l'Ingénieur,true,tous,echange,sciences_tech,france,partial,2026-11-01,200000,"Semestre ou année d'échange à l'INSA Lyon pour les étudiants en génie civil, informatique, mécanique ou énergétique, avec accès aux laboratoires et aux projets industriels.",https://www.insa-lyon.fr/fr/international/etudiants-internationaux,Tout niveau (L2 min en sciences). Accord bilatéral ou candidature directe. B2 en français. Frais de scolarité différenciés.
seed,seed-tous-025,Semestre à Paris — Programme Campus France Mobilité,true,tous,echange,sciences_sociales,france,partial,2026-12-01,250000,"Programme de mobilité Campus France permettant un semestre dans une université parisienne (Paris 1, Paris 3, Paris 7…) en sciences humaines, lettres ou sciences sociales.",https://www.campusfrance.org/fr/etudiants-etrangers-en-france,Tout niveau. B2 en français minimum. Accord entre université d'origine et université française partenaire.
seed,seed-tous-026,Programme d'Échange McGill University — Commerce & Gestion,true,tous,echange,commerce,canada,partial,2026-10-15,300000,"Semestre ou année d'échange à la Desautels Faculty of Management de McGill University (Montréal), l'une des meilleures business schools du Canada.",https://www.mcgill.ca/desautels/international,Tout niveau (L2 min en gestion). Accord Desautels avec université partenaire. B2 en anglais ou français.
seed,seed-tous-027,Programme d'Échange Laval — Droit & Sciences Politiques,true,tous,echange,droit_sciences_po,canada,partial,2026-11-15,250000,"Échange universitaire à la Faculté de droit de l'Université Laval (Québec), avec spécialisations en droit civil, droit international et droit africain comparé.",https://www.fd.ulaval.ca/international/echanges,Tout niveau (L2 min en droit). B2 en français. Accord de mobilité entre universités partenaires.
seed,seed-tous-028,MIT International Science & Technology Initiative — Échange,true,tous,echange,sciences_tech,usa,partial,2026-10-01,500000,Programme d'échange et de recherche du MIT permettant à des étudiants internationaux de participer à des projets tech dans les laboratoires du Massachusetts Institute of Technology.,https://misti.mit.edu/,Tout niveau (L3 min en STEM). Excellente maîtrise de l'anglais. Dossier académique solide. Sélection compétitive.
seed,seed-tous-029,Fulbright Cultural Exchange — Arts & Humanités,true,tous,echange,lettres_arts,usa,complete,2026-10-31,0,"Programme d'échange culturel Fulbright pour les artistes, écrivains et chercheurs en humanités souhaitant passer un semestre dans une institution culturelle ou université américaine.",https://foreign.fulbrightonline.org/about/foreign-fulbright,Tout niveau. Portfolio artistique ou publications académiques requises. TOEFL 80+. Projet culturel ou de recherche défini.
seed,seed-tous-030,Erasmus+ Sciences Sociales & Développement — Europe,true,tous,echange,sciences_sociales,europe,partial,2026-11-30,150000,"Programme Erasmus+ International Credit Mobility permettant un semestre dans une université européenne en sciences sociales, travail social ou développement international.",https://erasmus-plus.ec.europa.eu/fr/opportunities/opportunities-for-individuals/students/international-credit-mobility,Tout niveau. Accord Erasmus entre université d'origine et partenaire européen. B2 en langue d'enseignement.
seed,seed-tous-031,Échange Médical Erasmus+ Santé — Universités Européennes,true,tous,echange,sante,europe,partial,2026-10-31,200000,"Programme Erasmus+ pour les étudiants en médecine, pharmacie ou sciences infirmières souhaitant effectuer un stage clinique ou un semestre académique dans une université médicale européenne.",https://www.ifmsa.org/erasmus-plus-health/,Tout niveau (L2 min en santé). Accord Erasmus bilatéral requis. B2 en langue d'enseignement. Adhésion à une association médicale étudiante recommandée.
seed,seed-tous-032,Programme PASET — Échange Tech Intra-Africain,true,tous,echange,sciences_tech,afrique,complete,2026-07-31,0,"Programme Partnership for Skills in Applied Sciences, Engineering and Technology (PASET) finançant des échanges entre universités africaines pour renforcer les compétences STEM sur le continent.",https://www.worldbank.org/en/programs/paset,Tout niveau. Ressortissant d'un pays africain subsaharien. Accord entre universités partenaires PASET requis.
seed,seed-tous-033,Mobilité Inter-Universitaire UEMOA — Commerce & Économie,true,tous,echange,commerce,afrique,partial,2026-09-01,80000,Programme de mobilité étudiante de l'Union Économique et Monétaire Ouest-Africaine permettant des échanges entre universités des 8 pays membres en économie et commerce.,https://www.uemoa.int/fr/programmes-mobilite,"Tout niveau. Ressortissant d'un État membre UEMOA (Bénin, Burkina, CI, Guinée-Bissau, Mali, Niger, Sénégal, Togo). Accord inter-universitaire requis."
seed,seed-tous-034,Stage Tech Startup — Station F Paris,true,tous,stage,sciences_tech,france,partial,,250000,"Stage de 3 à 6 mois au sein des startups résidentes du plus grand campus de startups du monde (Station F, Paris 13e), avec indemnité mensuelle et accès à l'écosystème tech parisien.",https://stationf.co/jobs,"Tout niveau. Compétences en développement, design ou growth hacking. Visa de travail ou étudiant en France requis."
seed,seed-tous-035,Stage Recherche Clinique — CHU Lyon France,true,tous,stage,sante,france,partial,2026-09-30,300000,"Stage de 4 à 6 mois dans les services de recherche clinique du CHU de Lyon, avec participation à des essais cliniques et des projets de médecine translationnelle.",https://www.chu-lyon.fr/emploi-stagiaires,"Tout niveau (L3 min en médecine, pharmacie ou biologie). Lettre de motivation et CV scientifique. Convention de stage obligatoire."
seed,seed-tous-036,Stage Finance & Analyse — Banque TD Montréal,true,tous,stage,commerce,canada,partial,2026-12-01,300000,"Stage de 4 mois au sein des équipes finance, analyse économique ou relation client de la Banque TD à Montréal, avec rémunération compétitive et possibilité d'offre d'emploi.",https://jobs.td.com/fr-CA/internship/,"Tout niveau (L2 min en finance, économie ou commerce). B2 en français ou anglais. Permis de travail au Canada recommandé."
seed,seed-tous-037,Stage Intelligence Artificielle — MILA Montréal,true,tous,stage,sciences_tech,canada,complete,2026-10-15,0,"Stage de recherche en intelligence artificielle et apprentissage machine au MILA (Institut québécois d'intelligence artificielle de Montréal), co-fondé par Yoshua Bengio.",https://mila.quebec/en/opportunities/,Tout niveau (M1 min en informatique ou mathématiques). Maîtrise de Python et de bibliothèques ML (PyTorch/TensorFlow). Dossier de recherche requis.
seed,seed-tous-038,Google Summer of Code — Open Source & Tech,true,tous,stage,sciences_tech,usa,complete,2027-04-01,0,"Programme annuel de Google finançant des contributions open source pendant 3 mois (3 000 à 6 600 USD), ouvert aux étudiants et développeurs du monde entier.",https://summerofcode.withgoogle.com/,Tout niveau. Compétences en développement logiciel. Maîtrise de l'anglais. Candidature en ligne avec proposition de projet.
seed,seed-tous-039,Stage ONU New York — Affaires Internationales,true,tous,stage,droit_sciences_po,usa,none,2026-11-01,0,"Stage non rémunéré de 2 à 6 mois au siège des Nations Unies à New York, au sein des départements politique, droits de l'homme, développement durable ou communications.",https://www.un.org/en/about-us/internships,"Tout niveau (L3 min en droit, relations internationales ou sciences politiques). Excellente maîtrise du français et/ou anglais. Visa J-1 requis."
seed,seed-tous-040,Stage R&D — CERN Genève (Programme Technical Student),true,tous,stage,sciences_tech,europe,complete,2026-09-01,0,"Programme Technical Student du CERN à Genève, offrant un stage de 4 à 12 mois en physique des particules, informatique, ingénierie ou électronique, avec allocation mensuelle.",https://careers.cern/students,Tout niveau (L3 min en STEM). Maîtrise de l'anglais ou français. Ressortissant d'un pays non-membre CERN éligible au programme associé.
seed,seed-tous-041,Stage Business Development — Unilever Bruxelles,true,tous,stage,commerce,europe,partial,2026-10-01,250000,"Stage de 4 à 6 mois dans les équipes Business Development, Marketing ou Supply Chain d'Unilever au siège européen de Bruxelles, avec indemnité et accès au réseau international.",https://careers.unilever.com/internships,"Tout niveau (L3 min en commerce, marketing ou supply chain). B2 en anglais. Visa de travail en Belgique ou UE requis."
seed,seed-tous-042,Stage Commerce & Approvisionnement — TotalEnergies Afrique,true,tous,stage,commerce,afrique,partial,,100000,"Stage de 3 à 6 mois dans les filiales TotalEnergies en Afrique francophone (Côte d'Ivoire, Sénégal, Cameroun…), dans les domaines commerce, logistique et développement.",https://totalenergies.com/fr/carrieres/etudiants-stages,Tout niveau (L2 min en commerce ou ingénierie). Mobilité géographique en Afrique requise. Convention de stage obligatoire.
seed,seed-tous-043,Stage Humanitaire & Développement — Oxfam Afrique,true,tous,stage,sciences_sociales,afrique,partial,2026-10-15,50000,"Stage de 3 à 6 mois dans les programmes de terrain d'Oxfam en Afrique de l'Ouest et de l'Est, avec participation aux projets de sécurité alimentaire, eau et genre.",https://www.oxfam.org/fr/careers,Tout niveau. Engagement pour les droits humains et la solidarité internationale. Mobilité en zone d'intervention requise.
seed,seed-tous-044,Programme Emploi Tech — Startups Station F Paris,true,tous,emploi,sciences_tech,france,complete,,0,"Offres d'emploi en CDI et CDD dans les startups de Station F (Paris), dans les domaines du développement logiciel, data, product management et design UX.",https://stationf.co/jobs,Tout niveau. Compétences techniques démontrées (portfolio ou GitHub requis). Titre de séjour ou visa travail en France nécessaire.
seed,seed-tous-045,Programme Jeunes Talents — Carrefour France,true,tous,emploi,commerce,france,complete,,0,"Programme de recrutement de jeunes talents chez Carrefour France, dans les domaines retail, logistique, marketing digital et e-commerce, avec parcours d'intégration structuré.",https://www.carrefour.com/fr/carrieres,Tout niveau (Bac min). Motivé par le commerce et la distribution. Autorisation de travail en France. Mobilité sur Paris et région parisienne.
seed,seed-tous-046,Programme Emploi & Intégration — RBC Banque Montréal,true,tous,emploi,commerce,canada,complete,,0,"Offres d'emploi en finance, conseil et service client à la Banque Royale du Canada (RBC), avec programme d'intégration spécifique pour les nouveaux arrivants au Canada.",https://jobs.rbc.com/ca/fr/,Tout niveau. Autorisation de travail au Canada (résidence permanente ou permis). B2 en français ou anglais.
seed,seed-tous-047,Emploi Tech — Shopify Canada (Remote & Montréal),true,tous,emploi,sciences_tech,canada,complete,,0,"Postes en développement logiciel, data engineering et product management chez Shopify, avec options de travail à distance ou au siège de Montréal. Leader mondial du e-commerce.",https://www.shopify.com/careers,"Tout niveau. Compétences techniques solides (Ruby, Go, React…). Maîtrise de l'anglais. Visa travail Canada ou remote possible."
seed,seed-tous-048,Silicon Valley Africa Tech Program — Emploi USA,true,tous,emploi,sciences_tech,usa,complete,2026-12-31,0,"Programme de recrutement facilitant l'accès aux entreprises tech de la Silicon Valley (Google, Meta, Salesforce…) pour les ingénieurs africains, avec soutien visa H-1B.",https://www.techbridge.africa/silicon-valley,Tout niveau. Compétences en développement logiciel ou data. Maîtrise de l'anglais professionnel. Processus de visa américain requis.
seed,seed-tous-049,Amazon Global Talent Program — Commerce & Logistique,true,tous,emploi,commerce,usa,complete,,0,"Postes en gestion de projet, supply chain, finance et e-commerce chez Amazon, avec programme d'accueil pour les talents internationaux aux États-Unis.",https://www.amazon.jobs/fr/,Tout niveau. Profil analytique et orienté résultats. Maîtrise de l'anglais professionnel. Visa de travail USA requis (sponsoring possible selon poste).
seed,seed-tous-050,Emploi Tech & Innovation — SAP Germany (Berlin & Walldorf),true,tous,emploi,sciences_tech,europe,complete,,0,"Offres d'emploi en développement logiciel, cloud et intelligence artificielle chez SAP, leader mondial des ERP, dans ses sièges allemands de Berlin et Walldorf.",https://jobs.sap.com/,"Tout niveau. Compétences en Java, Python, cloud ou IA. Maîtrise de l'anglais professionnel. Visa travail EU ou sponsoring entreprise possible."
seed,seed-tous-051,Programme Emploi Graduate — Nestlé Europe,true,tous,emploi,commerce,europe,complete,2026-12-15,0,"Programme Graduate Nestlé pour les jeunes professionnels souhaitant intégrer les équipes marketing, supply chain ou finance de Nestlé dans ses filiales européennes.",https://www.nestle.com/careers/graduates,Tout niveau (L3 min en commerce ou ingénierie agroalimentaire). Maîtrise de l'anglais. Mobilité en Europe. Autorisation de travail UE ou sponsoring.
seed,seed-tous-052,Formation Santé Internationale — Université de Montréal,true,tous,formation,sante,canada,partial,2026-10-31,400000,"Programme de formation en santé mondiale et médecine communautaire à l'Université de Montréal, avec focus sur les défis sanitaires africains et les systèmes de soins primaires.",https://www.umontreal.ca/etudes/sante-publique/,"Tout niveau (L3 min en santé, médecine ou sciences). Visa étudiant Canada. Niveau B2 en français."
seed,seed-tous-053,Formation Droit International — Columbia Law School Online,true,tous,formation,droit_sciences_po,usa,partial,2027-02-28,350000,"Programme de formation en droit international, droits humains et commerce international proposé par Columbia Law School, avec modules en ligne accessibles depuis l'Afrique.",https://www.law.columbia.edu/programs,Tout niveau (L3 min en droit). TOEFL 95+ ou IELTS 7.0. Lettre de motivation en anglais. Bourse partielle disponible pour candidats africains.
seed,seed-tous-054,Formation Arts & Culture — Amsterdam University of the Arts,true,tous,formation,lettres_arts,europe,partial,2027-01-15,500000,"Programme de formation en arts visuels, design et culture créative à l'Amsterdam University of the Arts (Pays-Bas), avec studios professionnels et réseau artistique européen.",https://www.ahk.nl/en/education/,Tout niveau. Portfolio artistique requis. B2 en anglais minimum. Visa étudiant Pays-Bas ou UE.
seed,seed-tous-055,Échange Juridique — Université Paris II Panthéon-Assas,true,tous,echange,droit_sciences_po,france,partial,2026-11-30,200000,"Programme d'échange en droit privé, droit public ou sciences politiques à Paris II Panthéon-Assas, l'une des meilleures facultés de droit de France.",https://www.u-paris2.fr/fr/international/etudiants-etrangers,Tout niveau (L2 min en droit). B2 en français. Accord de coopération ou candidature libre selon filière.
seed,seed-tous-056,Programme d'Échange Sciences — Université de Waterloo,true,tous,echange,sciences_tech,canada,partial,2026-10-01,300000,"Semestre ou année d'échange à l'Université de Waterloo (Ontario), l'une des meilleures universités tech du Canada, en mathématiques, informatique ou ingénierie.",https://uwaterloo.ca/international-students/,Tout niveau (L2 min en STEM). B2 en anglais. Accord de mobilité ou candidature directe. Visa étudiant Canada.
seed,seed-tous-057,Échange Culturel & Communication — UCLA Extension,true,tous,echange,sciences_sociales,usa,partial,2026-12-01,400000,"Programme d'échange et de formation continue en communication, médias et sciences sociales à UCLA Extension (Los Angeles), avec accès au campus et aux réseaux professionnels.",https://www.uclaextension.edu/international-programs,Tout niveau. TOEFL 79+ ou IELTS 6.5. Visa J-1 ou F-1. Possibilité de bourse partielle selon profil.
seed,seed-tous-058,Programme d'Échange Intra-Africain — CODESRIA,true,tous,echange,sciences_sociales,afrique,complete,2026-08-15,0,"Programme d'échange académique du Conseil pour le Développement de la Recherche en Sciences Sociales en Afrique (CODESRIA), finançant des séjours dans des universités africaines partenaires.",https://www.codesria.org/spip.php?rubrique37,Tout niveau. Ressortissant africain. Projet de recherche en sciences sociales. Lettre de recommandation d'un encadreur académique.
seed,seed-tous-059,Stage Pharmacie & Biotechnologie — Université de Toronto,true,tous,stage,sante,canada,partial,2026-09-15,200000,"Stage de recherche de 3 à 6 mois dans les laboratoires de pharmacie et biotechnologie de l'Université de Toronto, avec indemnité et accès aux équipements de pointe.",https://www.pharmacy.utoronto.ca/research/,"Tout niveau (L3 min en pharmacie, biochimie ou biologie). B2 en anglais. Convention de stage et visa travail Canada requis."
seed,seed-tous-060,Stage Politiques Publiques — Brookings Institution Washington,true,tous,stage,droit_sciences_po,usa,partial,2026-12-15,0,"Stage de recherche au sein du Brookings Institution (Washington D.C.), l'un des think tanks les plus influents au monde, sur les politiques publiques africaines et le développement.",https://www.brookings.edu/careers/internships/,"Tout niveau (L3 min en sciences politiques, économie ou droit). Excellente maîtrise de l'anglais. Visa J-1 requis. Publication académique souhaitée."
seed,seed-tous-061,Stage Recherche Médicale — Institut Karolinska Stockholm,true,tous,stage,sante,europe,partial,2026-11-01,100000,"Stage de recherche de 3 à 6 mois à l'Institut Karolinska (Stockholm), l'une des meilleures universités médicales d'Europe, en immunologie, neurologie ou oncologie.",https://ki.se/en/research/internship-programmes,Tout niveau (L3 min en médecine ou sciences). B2 en anglais. Visa travail Suède ou UE. Lettre de motivation et CV scientifique.
seed,seed-tous-062,Emploi Santé Numérique — Doctolib France,true,tous,emploi,sante,france,complete,,0,"Postes en santé numérique, gestion de données médicales et relations professionnels de santé chez Doctolib, leader européen de la santé digitale basé à Paris.",https://www.doctolib.fr/jobs,"Tout niveau. Profil santé, tech ou commercial selon le poste. Maîtrise du français. Autorisation de travail en France."
seed,seed-tous-063,Emploi Droit & Conformité — Deloitte Canada,true,tous,emploi,droit_sciences_po,canada,complete,,0,"Postes en conseil juridique, conformité réglementaire et gouvernance d'entreprise chez Deloitte Canada (Toronto, Montréal, Vancouver), avec programme d'accueil pour nouveaux arrivants.",https://www2.deloitte.com/ca/fr/pages/careers.html,Tout niveau (L3 min en droit ou finance). B2 en français ou anglais selon la ville. Permis de travail Canada requis.
seed,seed-tous-064,Emploi Santé Publique — Centers for Disease Control USA,true,tous,emploi,sante,usa,complete,2026-11-30,0,"Postes en santé publique, épidémiologie et prévention des maladies au sein des CDC (Centers for Disease Control and Prevention) à Atlanta, avec programmes spécifiques pour experts africains.",https://jobs.cdc.gov/,"Tout niveau (L3 min en santé publique, médecine ou biologie). Maîtrise de l'anglais professionnel. Visa de travail USA ou green card requis."
seed,seed-tous-065,Emploi ONG & Développement — MSF Europe,true,tous,emploi,sante,europe,complete,,0,"Postes terrain et siège chez Médecins Sans Frontières (Europe) dans les domaines médical, logistique, finance et RH, avec missions en Afrique, Asie et Moyen-Orient.",https://www.msf.org/jobs,"Tout niveau selon le poste (médecin, logisticien, RH…). Mobilité internationale requise. Maîtrise du français et/ou anglais. Engagement humanitaire."
seed,seed-tous-066,Bourse France Excellence — Sciences & Ingénierie (Tout Niveau),true,tous,bourse,sciences_tech,france,complete,2027-01-15,0,"Programme de bourses du gouvernement français couvrant les frais de scolarité et une allocation mensuelle pour les étudiants africains en sciences et ingénierie, tous niveaux confondus.",https://www.campusfrance.org/fr/bourse-eiffel,Tout niveau (Bac+2 min). Dossier académique solide. Candidature via établissement français d'accueil.
seed,seed-tous-067,AAAS International STEM Fellowship — États-Unis,true,tous,bourse,sciences_tech,usa,complete,2026-10-01,0,Programme de l'American Association for the Advancement of Science finançant des études ou recherches en STEM dans les universités américaines pour les étudiants internationaux à tous niveaux.,https://www.aaas.org/programs/fellowships,Tout niveau. Dossier académique excellent. TOEFL 90+. Projet de recherche ou d'études en STEM.
seed,seed-tous-068,Bourse Marie Skłodowska-Curie — Recherche & Innovation Europe,true,tous,bourse,sciences_tech,europe,complete,2026-09-12,0,"Programme de bourses de l'Union Européenne pour des études et recherches en sciences et technologie dans les universités européennes, avec allocation mensuelle et couverture complète des frais.",https://marie-sklodowska-curie-actions.ec.europa.eu/,Tout niveau. Hors UE. Projet de recherche défini. B2 en anglais ou langue d'enseignement.
seed,seed-tous-069,Carnegie African Diaspora Fellowship — Sciences & Tech Afrique,true,tous,bourse,sciences_tech,afrique,complete,,0,"Programme Carnegie finançant des études et recherches en sciences et technologie dans les meilleures universités africaines, pour les étudiants de la diaspora et du continent.",https://www.iie.org/programs/carnegie-african-diaspora-fellowship-program,Tout niveau. Ressortissant africain ou diaspora africaine. Dossier de recherche ou d'études en STEM.
seed,seed-tous-070,Bourse Excellence — Grandes Écoles de Commerce Canada,true,tous,bourse,commerce,canada,complete,2026-11-30,0,"Programme de bourses d'excellence des grandes écoles de commerce canadiennes (HEC Montréal, McGill Desautels) pour les étudiants africains en gestion, finance et entrepreneuriat.",https://www.hec.ca/etudiants/soutien-financier/bourses/,Tout niveau (Bac+2 min). Dossier académique excellent. B2 en français ou anglais. Entretien de motivation.
seed,seed-tous-071,Ford Foundation International Fellowship — Sciences Sociales USA,true,tous,bourse,sciences_sociales,usa,complete,2026-11-01,0,"Programme de bourses de la Ford Foundation pour des études en sciences sociales, sociologie et développement dans les universités américaines, avec engagement envers l'équité sociale.",https://www.fordfoundation.org/work/our-grants/fellowships/,Tout niveau. Engagement pour la justice sociale. TOEFL 90+. Dossier académique et projet social défini.
seed,seed-tous-072,Bourse IEP — Droit & Sciences Politiques France,true,tous,bourse,droit_sciences_po,france,complete,2027-02-15,0,"Programme de bourses d'excellence pour les étudiants africains en droit, sciences politiques et affaires publiques dans les IEP de France (Sciences Po Paris, Lyon, Bordeaux, Grenoble).",https://www.sciencespo.fr/international/fr/content/bourses.html,Tout niveau (Bac+2 min en droit ou sciences po). Dossier académique solide. Entretien en français.
seed,seed-tous-073,Programme WAHO — Bourses Santé & Médecine Afrique,true,tous,bourse,sante,afrique,complete,2026-09-30,0,"Bourses de l'Organisation Ouest-Africaine de la Santé (OOAS/WAHO) pour des études et formations en santé publique, médecine et épidémiologie dans les universités africaines.",https://www.wahooas.org/scholarships,Tout niveau. Ressortissant d'un pays membre de la CEDEAO. Projet d'études ou de recherche en santé.
seed,seed-tous-074,Rotary Peace Fellowship — Commerce & Développement USA,true,tous,bourse,commerce,usa,complete,2026-05-15,0,"Bourse du Rotary International pour des études en commerce, économie du développement et entrepreneuriat social dans des universités partenaires aux États-Unis.",https://www.rotary.org/en/our-programs/scholarships,Tout niveau. Engagement communautaire démontré. TOEFL 80+. Sélection compétitive via clubs Rotary locaux.
seed,seed-tous-075,Bourse BAD — Commerce & Développement Économique Afrique,true,tous,bourse,commerce,afrique,complete,2026-10-31,0,"Programme de bourses de la Banque Africaine de Développement pour des études en commerce, économie et finance dans des universités africaines d'excellence.",https://www.afdb.org/fr/about-us/careers/scholarship-programme,Tout niveau. Ressortissant d'un pays membre de la BAD. Dossier académique solide. Projet professionnel lié au développement africain.
seed,seed-tous-076,Bourse Institut Pasteur — Santé Publique & Médecine Tropicale France,true,tous,bourse,sante,france,partial,2026-09-15,100000,"Programme de soutien financier de l'Institut Pasteur France pour des formations en santé publique, microbiologie et médecine tropicale dans les universités françaises partenaires.",https://www.pasteur.fr/fr/formation/bourses-et-prix,Tout niveau (L2 min en santé). Motivation scientifique. Lettre de recommandation requise.
seed,seed-tous-077,Gates Foundation Global Health Fellowship — Santé USA,true,tous,bourse,sante,usa,complete,2026-12-01,0,"Programme de bourses de la Fondation Bill & Melinda Gates pour des études et recherches en santé mondiale, vaccins et épidémiologie dans les universités américaines.",https://www.gatesfoundation.org/ideas/fellowships,Tout niveau. Projet de recherche en santé mondiale lié à l'Afrique ou aux pays en développement. TOEFL 95+.
seed,seed-tous-078,Bourse Wellcome Trust — Recherche Médicale Europe,true,tous,bourse,sante,europe,complete,,0,"Programme de bourses du Wellcome Trust pour des études et recherches en sciences médicales et santé publique dans les universités européennes (UK, Belgique, Suède, Pays-Bas).",https://wellcome.org/grant-funding/schemes/international-intermediate-fellowships,Tout niveau. Projet de recherche médicale défini. B2 en anglais. Ressortissant de pays éligibles dont l'Afrique subsaharienne.
seed,seed-tous-079,Bourse Trudeau Foundation — Droit & Sciences Politiques Canada,true,tous,bourse,droit_sciences_po,canada,complete,2026-11-01,0,"Programme de bourses de la Fondation Pierre Elliott Trudeau pour des études en droit, politiques publiques et sciences politiques dans les universités canadiennes, avec mentorat en leadership.",https://www.trudeaufoundation.ca/scholarships,Tout niveau. Engagement pour le dialogue démocratique. B2 en français ou anglais. Recommandation académique requise.
seed,seed-tous-080,Bourse Erasmus Mundus — Droit International et Droits Humains Europe,true,tous,bourse,droit_sciences_po,europe,complete,2027-01-20,0,"Master conjoint Erasmus Mundus en droit international et droits humains, dispensé dans 4 universités européennes, avec bourse complète incluant allocation, frais de scolarité et billets d'avion.",https://www.eacea.ec.europa.eu/scholarships/erasmus-mundus-scholarship_fr,Tout niveau (L3 min en droit ou sciences politiques). Hors UE. B2 en anglais ou français.
seed,seed-tous-081,Villa Médicis — Bourse Création Artistique France,true,tous,bourse,lettres_arts,france,complete,2026-11-30,0,Programme de résidence et bourse de la Villa Médicis (Académie de France à Rome) pour les artistes et écrivains africains souhaitant perfectionner leur pratique à Paris et Rome.,https://www.villamedici.it/fr/,Tout niveau. Portfolio artistique ou publications littéraires requis. Projet de création défini. Sélection par jury.
seed,seed-tous-082,Conseil des Arts du Canada — Bourse Arts & Lettres,true,tous,bourse,lettres_arts,canada,complete,2026-10-15,0,"Programme de bourses du Conseil des Arts du Canada pour les artistes, écrivains et créateurs africains souhaitant étudier ou créer au Canada, avec accès aux réseaux culturels canadiens.",https://conseildesarts.ca/financement/bourses,Tout niveau. Portfolio ou publications requis. B2 en français ou anglais. Projet artistique ou littéraire défini.
seed,seed-tous-083,Bourse Creative Europe — Arts et Culture Européens,true,tous,bourse,lettres_arts,europe,complete,2026-09-30,0,"Programme Creative Europe de l'Union Européenne finançant des études et projets en arts, cinéma, musique et culture dans les institutions européennes partenaires.",https://creative-europe.eu/,Tout niveau. Portfolio artistique ou projet culturel défini. B2 en langue d'enseignement. Hors UE accepté.
seed,seed-tous-084,SSHRC — Bourse Sciences Humaines Canada,true,tous,bourse,sciences_sociales,canada,complete,2026-11-15,0,Programme de bourses du Conseil de Recherches en Sciences Humaines du Canada (CRSH/SSHRC) en sociologie et anthropologie pour les étudiants africains dans les universités canadiennes.,https://www.sshrc-crsh.gc.ca/funding-financement/programs-programmes/fellowships,Tout niveau (L3 min). Projet de recherche en sciences sociales. B2 en français ou anglais. Lettre de recommandation.
seed,seed-tous-085,CODESRIA Research Grants — Sciences Sociales Afrique,true,tous,bourse,sciences_sociales,afrique,complete,2026-08-31,0,Programme de bourses de recherche du CODESRIA (Conseil pour le Développement de la Recherche en Sciences Sociales en Afrique) pour les jeunes chercheurs africains en sciences humaines.,https://www.codesria.org/spip.php?rubrique37,Tout niveau. Ressortissant africain. Projet de recherche en sciences sociales. Encadreur académique requis.
seed,seed-tous-086,Formation Commerce & Business — CCI Paris Île-de-France,true,tous,formation,commerce,france,partial,2026-09-15,300000,"Programmes de formation professionnelle en commerce international, marketing et entrepreneuriat à la CCI Paris, avec certifications reconnues et accès au réseau d'entreprises partenaires.",https://www.ccip.fr/formation,Tout niveau. Projet professionnel en commerce. Dossier de candidature en ligne. Bourses partielles disponibles.
seed,seed-tous-087,Formation Sciences Humaines — Universités Régionales France,true,tous,formation,sciences_sociales,france,partial,2026-06-30,200000,"Programmes de formation en sociologie, anthropologie et sciences humaines dans les universités françaises régionales (Lyon, Bordeaux, Lille, Toulouse), avec accompagnement pédagogique.",https://www.campusfrance.org/fr/formations-en-france,Tout niveau. B2 en français requis. Dossier Campus France. Bourse possible selon ressources.
seed,seed-tous-088,Formation Droit & Affaires — Université Paris Dauphine PSL,true,tous,formation,droit_sciences_po,france,partial,2026-07-01,350000,"Programmes de formation en droit des affaires, économie et finances publiques à l'Université Paris Dauphine-PSL, avec accès aux entreprises partenaires du réseau Dauphine.",https://www.dauphine.psl.eu/formation/,Tout niveau (L2 min en droit ou gestion). B2 en français. Dossier Campus France ou candidature directe.
seed,seed-tous-089,Formation Arts Plastiques — Beaux-Arts de Paris Programme International,true,tous,formation,lettres_arts,france,partial,2026-05-31,300000,"Programme de formation aux arts plastiques, design et création contemporaine aux Beaux-Arts de Paris (ENSBA), avec ateliers, expositions et résidences artistiques.",https://www.beauxartsparis.fr/formation,Tout niveau. Portfolio artistique obligatoire. Entretien artistique. Frais réduits selon profil.
seed,seed-tous-090,Formation Droit International — Université de Montréal Faculté de Droit,true,tous,formation,droit_sciences_po,canada,partial,2026-08-01,400000,"Programmes de formation en droit international, droits humains et commerce international à la Faculté de droit de l'Université de Montréal, avec accès aux cliniques juridiques.",https://droit.umontreal.ca/formations/,Tout niveau (L3 min en droit). B2 en français. Visa étudiant Canada. Dossier académique complet.
seed,seed-tous-091,Formation Cinéma & Arts — INIS Montréal,true,tous,formation,lettres_arts,canada,partial,2026-09-01,450000,"Formation professionnelle en réalisation cinématographique, production audiovisuelle et arts médiatiques à l'Institut National de l'Image et du Son (INIS) de Montréal.",https://www.inis.qc.ca/formation/,Tout niveau. Portfolio ou projet audiovisuel requis. B2 en français. Visa étudiant Canada.
seed,seed-tous-092,Formation Sciences Humaines — Universités Québécoises,true,tous,formation,sciences_sociales,canada,partial,2026-10-01,350000,"Programmes de formation en sociologie, travail social et anthropologie dans les universités québécoises (UQAM, Laval, Sherbrooke), avec stages en milieu communautaire intégrés.",https://www.uqam.ca/programmes/sciences-humaines/,Tout niveau. B2 en français. Visa étudiant Canada. Bourse partielle possible selon profil.
seed,seed-tous-093,Formation Santé Publique — Johns Hopkins Bloomberg School Online,true,tous,formation,sante,usa,partial,2026-08-15,300000,"Programmes de formation en santé publique mondiale, épidémiologie et biostatistiques à la Johns Hopkins Bloomberg School, avec modules en ligne accessibles depuis l'Afrique.",https://publichealth.jhu.edu/programs,Tout niveau (L3 min en santé ou sciences). TOEFL 90+. Bourses partielles disponibles pour candidats africains.
seed,seed-tous-094,Formation Arts & Créativité — New York Film Academy International,true,tous,formation,lettres_arts,usa,partial,2026-07-15,400000,"Formation intensive en réalisation, scénarisation et arts médiatiques à la New York Film Academy, avec accès aux studios professionnels et au réseau d'alumni international.",https://www.nyfa.edu/international-students/,Tout niveau. Portfolio ou dossier de motivation créatif. TOEFL 79+. Visa F-1 USA.
seed,seed-tous-095,Formation Sciences Sociales — Columbia University SIPA,true,tous,formation,sciences_sociales,usa,partial,2027-01-05,500000,"Programmes de formation en politiques publiques, développement international et sciences sociales à la School of International and Public Affairs (SIPA) de Columbia University.",https://www.sipa.columbia.edu/academics/programs,Tout niveau (L3 min). TOEFL 100+. Dossier académique excellent. Bourses disponibles pour candidats des pays en développement.
seed,seed-tous-096,Formation Business Management — ESADE Business School Barcelone,true,tous,formation,commerce,europe,partial,2026-11-01,400000,"Programmes de formation en management, finance et entrepreneuriat à l'ESADE Business School de Barcelone, l'une des meilleures business schools d'Europe, avec stages intégrés.",https://www.esade.edu/en/programs,Tout niveau (L3 min en gestion ou équivalent). B2 en anglais ou espagnol. Visa étudiant Espagne/UE.
seed,seed-tous-097,Formation Médecine Tropicale & Santé Internationale — Europe,true,tous,formation,sante,europe,partial,2026-06-30,350000,"Programme de formation en médecine tropicale et santé internationale à l'Institut de Médecine Tropicale d'Anvers (Belgique), avec focus sur les maladies tropicales et les systèmes de santé africains.",https://www.itg.be/en/education,"Tout niveau (L3 min en médecine, pharmacie ou sciences de la santé). B2 en anglais ou français. Visa UE requis."
seed,seed-tous-098,Formation Droit Européen — European Law School Programme,true,tous,formation,droit_sciences_po,europe,partial,2026-12-01,300000,"Programme de formation en droit européen, droit comparé et institutions européennes dispensé conjointement dans 5 universités (Paris, Amsterdam, Berlin, Madrid, Varsovie).",https://www.european-law-school.eu/,Tout niveau (L2 min en droit). B2 en anglais et/ou français. Bourse partielle disponible pour ressortissants africains.
seed,seed-tous-099,Formation Tech & Innovation — Hubs iGniTE Afrique,true,tous,formation,sciences_tech,afrique,complete,,0,"Programme de formation intensive en développement logiciel, data engineering et innovation technologique dans les hubs africains partenaires (Nairobi, Lagos, Abidjan, Kigali, Dakar).",https://www.afrilabs.com/community/,Tout niveau. Motivation pour le numérique. Tests d'aptitude en ligne. Disponible en Afrique francophone.
seed,seed-tous-100,Formation Commerce & Entrepreneuriat — CESAG Dakar & ESCA Casablanca,true,tous,formation,commerce,afrique,partial,2026-08-31,150000,"Programmes de formation en commerce international, finance et entrepreneuriat dans les écoles de management africaines partenaires (CESAG Dakar, ESCA Casablanca, HECI Abidjan).",https://www.cesag.sn/formations,Tout niveau. Dossier académique et projet professionnel. Bourse partielle selon mérite et besoin.
seed,seed-tous-101,Formation Santé Communautaire — Écoles de Santé Publique Africaines,true,tous,formation,sante,afrique,partial,2026-07-31,100000,"Programmes de formation en santé publique, épidémiologie et nutrition dans les écoles de santé africaines (KSPH Dakar, CNHU Cotonou, CHIS Abidjan), avec stages communautaires.",https://www.ksph.net/training/,Tout niveau (Bac min en sciences). Ressortissant d'Afrique francophone. Motivation pour la santé communautaire.
seed,seed-tous-102,Formation Droit OHADA & Droit des Affaires Africain,true,tous,formation,droit_sciences_po,afrique,partial,,80000,"Formation spécialisée en droit OHADA, droit des contrats et arbitrage commercial africain, dispensée par l'Université Cheikh Anta Diop (UCAD) et l'École Régionale Supérieure de la Magistrature (ERSUMA).",https://www.ohada.com/formations,Tout niveau (L2 min en droit). Ressortissant d'un pays membre OHADA. Dossier en ligne.
seed,seed-tous-103,Formation Sciences Sociales — Universités Africaines Francophones,true,tous,formation,sciences_sociales,afrique,partial,2026-09-30,80000,"Programmes de formation en sociologie, anthropologie et développement social dans les universités africaines francophones (UCAD, Yaoundé I, Abomey-Calavi), avec bourses partielles.",https://www.ucad.sn/formations/sciences-sociales,Tout niveau. Ressortissant d'Afrique francophone. Dossier académique requis. Bourse partielle possible.
seed,seed-tous-104,Programme Erasmus+ Droit & Sciences Po — Universités Européennes,true,tous,echange,droit_sciences_po,europe,partial,2026-11-01,150000,"Programme Erasmus+ International Credit Mobility en droit, sciences politiques et affaires publiques dans les universités européennes partenaires, ouvert à tous les niveaux d'étude.",https://erasmus-plus.ec.europa.eu/fr,Tout niveau. Accord Erasmus entre université d'origine et université européenne partenaire. B2 en langue d'enseignement.
seed,seed-tous-105,Programme d'Échange Commerce — Grandes Écoles de Commerce France,true,tous,echange,commerce,france,partial,2026-12-01,250000,"Semestres d'échange en commerce, marketing et finance dans les grandes écoles de commerce françaises (HEC, ESSEC, EDHEC, EM Lyon), avec accès aux cours et aux entreprises partenaires.",https://www.hec.edu/fr/programmes/echanges-internationaux,Tout niveau. Accord de mobilité ou candidature directe. B2 en français. Frais de scolarité différenciés.
seed,seed-tous-106,Programme d'Échange Médical — CHU et Facultés de Médecine France,true,tous,echange,sante,france,partial,2026-10-15,200000,"Programme d'échange clinique et académique dans les CHU et facultés de médecine françaises (Paris, Lyon, Bordeaux, Marseille) pour les étudiants en médecine, pharmacie et soins infirmiers.",https://www.aphp.fr/international,Tout niveau (L2 min en médecine). B2 en français. Convention entre facultés requise. Visa étudiant France.
seed,seed-tous-107,Résidence Artistique — Cité Internationale des Arts Paris,true,tous,echange,lettres_arts,france,partial,2026-09-01,200000,"Programme de résidence artistique et d'échange culturel à la Cité Internationale des Arts de Paris, avec accès aux ateliers, aux galeries et au réseau artistique international parisien.",https://www.citedesartsparis.net/fr/residences,Tout niveau. Portfolio artistique requis. B2 en français. Sélection sur dossier artistique.
seed,seed-tous-108,Programme Erasmus+ Ingénierie — Universités Techniques Européennes,true,tous,echange,sciences_tech,europe,partial,2026-11-30,150000,"Programme Erasmus+ en ingénierie, informatique et sciences de l'environnement dans les universités techniques européennes (TU Berlin, TU Delft, KTH, Politecnico di Milano).",https://erasmus-plus.ec.europa.eu/fr,Tout niveau (L2 min en sciences ou ingénierie). Accord Erasmus requis. B2 en anglais ou langue locale.
seed,seed-tous-109,"Échange Commerce — Business Schools Européennes (ESCP, Bocconi)",true,tous,echange,commerce,europe,partial,2026-12-15,300000,"Semestres d'échange dans les business schools européennes (ESCP, IESE, Bocconi, Mannheim), en finance, marketing international et management stratégique.",https://www.escp.eu/programmes/exchanges,Tout niveau (L2 min en gestion). Accord de mobilité inter-écoles. B2 en anglais.
seed,seed-tous-110,Échange Arts — Académies d'Art Erasmus+ Europe,true,tous,echange,lettres_arts,europe,partial,2026-10-31,150000,"Programme Erasmus+ pour les étudiants en arts plastiques, design, musique et cinéma dans les académies d'art européennes (Royal College of Art, Gerrit Rietveld, ESAD Reims).",https://erasmus-plus.ec.europa.eu/fr,Tout niveau. Accord Erasmus entre école d'art partenaire. Portfolio artistique. B2 en anglais ou langue locale.
seed,seed-tous-111,Programme d'Échange Médical — Universités Médicales Canadiennes,true,tous,echange,sante,canada,partial,2026-09-15,300000,"Programme d'échange en médecine, pharmacie et sciences infirmières dans les universités médicales canadiennes (McGill, UdeM, Laval, Ottawa), avec stages cliniques supervisés.",https://www.mcgill.ca/medicine/international,Tout niveau (L2 min en médecine). B2 en français ou anglais selon université. Convention inter-facultés. Visa étudiant Canada.
seed,seed-tous-112,Échange Arts & Lettres — Concordia University Montréal,true,tous,echange,lettres_arts,canada,partial,2026-11-01,250000,"Programme d'échange en arts visuels, cinéma, littérature et musique à l'Université Concordia de Montréal, avec accès aux studios, galeries et projets créatifs interculturels.",https://www.concordia.ca/artsci/international-exchange.html,Tout niveau. Portfolio ou dossier créatif requis. B2 en anglais ou français. Convention d'échange inter-universités.
seed,seed-tous-113,Programme d'Échange Commerce — American Business Schools,true,tous,echange,commerce,usa,partial,2026-10-01,500000,"Semestres d'échange dans les business schools américaines (Wharton, Stern, Booth, Ross), en finance, marketing et entrepreneuriat, avec accès aux réseaux professionnels.",https://www.wharton.upenn.edu/exchange-programs/,Tout niveau (L3 min en gestion). Accord d'échange inter-universités. TOEFL 100+. Dossier académique excellent.
seed,seed-tous-114,Programme d'Échange Médical — Medical Schools USA,true,tous,echange,sante,usa,partial,2026-09-01,400000,"Programme d'échange clinique et de recherche dans les facultés de médecine américaines (Harvard Medical School, Johns Hopkins, UCSF), avec rotations cliniques supervisées.",https://hms.harvard.edu/education/international-programs,Tout niveau (L3 min en médecine). TOEFL 100+. Convention inter-facultés. Visa J-1 USA requis.
seed,seed-tous-115,Échange Droit & Politique — Georgetown University Washington,true,tous,echange,droit_sciences_po,usa,partial,2026-10-15,450000,"Programme d'échange en droit international, relations internationales et politiques publiques à Georgetown University (Washington D.C.), avec accès aux institutions gouvernementales.",https://www.law.georgetown.edu/llm/visiting-student-program/,Tout niveau (L3 min en droit ou sciences politiques). TOEFL 95+. Accord inter-facultés ou candidature directe.
seed,seed-tous-116,Échange Artistique Intra-Africain — MASA & Instituts Culturels,true,tous,echange,lettres_arts,afrique,complete,2026-07-31,0,"Programme d'échange artistique et culturel entre universités et instituts africains, incluant des résidences au MASA (Marché des Arts du Spectacle Africain) d'Abidjan et dans les centres culturels partenaires.",https://www.masa.art/fr/residences,Tout niveau. Portfolio ou œuvres représentatives requis. Ressortissant africain. Projet artistique interculturel.
seed,seed-tous-117,Échange Médical Africain — WAHO / CEDEAO Universités,true,tous,echange,sante,afrique,complete,2026-08-31,0,Programme d'échange médical financé par l'Organisation Ouest-Africaine de la Santé (OOAS/WAHO) entre les facultés de médecine des pays de la CEDEAO.,https://www.wahooas.org,Tout niveau (L2 min en médecine). Ressortissant d'un pays membre CEDEAO. Convention inter-facultés requise.
seed,seed-tous-118,Programme d'Échange Juridique — Union Africaine & Universités Africaines,true,tous,echange,droit_sciences_po,afrique,complete,2026-09-15,0,"Programme d'échange en droit africain, droit international et gouvernance entre universités africaines, organisé en partenariat avec le Département Affaires Juridiques de l'Union Africaine.",https://au.int/en/organs/legal,Tout niveau (L2 min en droit). Ressortissant africain. Accord inter-universités ou candidature UA.
seed,seed-tous-119,Stage Commerce & Distribution — Grandes Entreprises Françaises,true,tous,stage,commerce,france,partial,,200000,"Stages de 3 à 6 mois dans les entreprises françaises du commerce et de la distribution (LVMH, Danone, Michelin, BNP Paribas), avec indemnité mensuelle et accès aux projets stratégiques.",https://www.welcometothejungle.com/fr/jobs,Tout niveau. Convention de stage requise. Autorisation de séjour en France. Dossier de candidature ciblé.
seed,seed-tous-120,Stage Juridique — Institutions et Cabinets d'Avocats France,true,tous,stage,droit_sciences_po,france,partial,,200000,"Stages de 3 à 6 mois dans des cabinets d'avocats internationaux, institutions juridiques et organisations gouvernementales françaises, avec encadrement par des juristes expérimentés.",https://www.village-justice.com/articles/stages-juridiques-france,Tout niveau (L2 min en droit). B2 en français. Convention de stage obligatoire. Visa étudiant ou travail France.
seed,seed-tous-121,Stage Santé & Terrain — Institutions Médicales Africaines,true,tous,stage,sante,afrique,partial,,50000,"Stages cliniques et de santé publique dans les hôpitaux et institutions africaines partenaires (Fann Dakar, Point-G Bamako, CHU Cocody Abidjan), avec encadrement médical.",https://www.chufann.sn/stages,Tout niveau (L2 min en médecine ou santé). Convention de stage requise. Ressortissant africain prioritaire.
seed,seed-tous-122,Stage Création & Médias — Industries Culturelles France,true,tous,stage,lettres_arts,france,partial,,200000,"Stages de 3 à 6 mois dans les maisons d'édition, agences de presse, chaînes audiovisuelles et agences de communication françaises, avec indemnité et accès aux créatifs professionnels.",https://www.cnc.fr/professionnels/stages-et-emplois,Tout niveau. Portfolio ou dossier créatif. B2 en français. Convention de stage. Visa travail ou étudiant France.
seed,seed-tous-123,Stage ONG & Humanitaire — Organisations Solidarité France,true,tous,stage,sciences_sociales,france,partial,2026-09-30,100000,"Stages dans les grandes ONG françaises (CARE, ACF, Handicap International, Solidarités International) dans les domaines du développement, de l'urgence humanitaire et de la coordination terrain.",https://www.coordinationsud.org/offres-demploi-et-stage/,Tout niveau. Engagement humanitaire. B2 en français. Convention de stage. Visa travail ou étudiant France.
seed,seed-tous-124,Stage Juridique — Gouvernement et Cabinets Canadiens,true,tous,stage,droit_sciences_po,canada,partial,2026-11-01,250000,"Stages dans les cabinets d'avocats canadiens, ministères et institutions juridiques (Ministère de la Justice, barreau du Québec), avec encadrement et indemnité.",https://www.justice.gc.ca/fra/emploi-jobs/stage-articling/,Tout niveau (L3 min en droit). B2 en français ou anglais. Permis de travail Canada requis.
seed,seed-tous-125,Stage Arts & Médias — Industries Créatives Canadiennes,true,tous,stage,lettres_arts,canada,partial,2026-10-15,200000,"Stages dans les studios de cinéma, maisons de disques, agences de design et médias numériques canadiens (NFB, Radio-Canada, DHX Media), avec accès aux créatifs professionnels.",https://www.nfb.ca/about/careers/internships/,Tout niveau. Portfolio créatif. B2 en français ou anglais. Permis de travail Canada ou visa étudiant.
seed,seed-tous-126,Stage Humanitaire — ONG et Agences Sociales Canadiennes,true,tous,stage,sciences_sociales,canada,partial,2026-09-15,200000,"Stages dans les ONG et agences de développement social canadiennes (Développement et Paix, Oxfam-Québec, Centre d'étude du développement international), avec terrain en Afrique possible.",https://www.oxfam.qc.ca/stages/,Tout niveau. Engagement solidaire. B2 en français ou anglais. Permis travail Canada ou visa étudiant.
seed,seed-tous-127,Stage Médical — NIH Clinical Center & Hôpitaux USA,true,tous,stage,sante,usa,partial,2026-08-01,300000,"Stages de recherche clinique et biomédicale dans les hôpitaux américains (NIH Clinical Center, Mayo Clinic, Mass General Hospital), avec accès aux équipements de pointe et supervision médicale.",https://www.nih.gov/training/training-programs/summer-internship-program,Tout niveau (L3 min en médecine ou biologie). TOEFL 95+. Visa J-1 ou B-1/B-2. Lettre de motivation scientifique.
seed,seed-tous-128,Stage Business Development — Fortune 500 USA,true,tous,stage,commerce,usa,partial,,400000,"Stages dans les grandes entreprises américaines de commerce et finance (Goldman Sachs, McKinsey, Procter & Gamble), avec indemnité compétitive et accès aux réseaux professionnels de la côte Est et Ouest.",https://www.linkedin.com/jobs/internship-jobs-usa/,Tout niveau (L3 min en gestion ou commerce). TOEFL 90+. Visa J-1 USA recommandé. Dossier de candidature ciblé.
seed,seed-tous-129,Stage Création — Entertainment & Media Industries USA,true,tous,stage,lettres_arts,usa,partial,,400000,"Stages dans l'industrie du divertissement américaine (HBO, Disney, Sony Music, Condé Nast), en production, réalisation, communication et management artistique, avec accès au réseau Hollywood et New York.",https://www.entertainmentcareers.net/,Tout niveau. Portfolio ou dossier créatif. TOEFL 80+. Visa J-1 USA. Sélection compétitive.
seed,seed-tous-130,Stage Think Tanks & Sciences Sociales — Washington DC USA,true,tous,stage,sciences_sociales,usa,partial,2026-11-15,200000,"Stages dans les think tanks et institutions sociales de Washington D.C. (Wilson Center, Carnegie Endowment, RAND Corporation), avec participation à des projets de recherche sur l'Afrique.",https://www.carnegieendowment.org/about/internships,Tout niveau (L3 min en sciences sociales). TOEFL 90+. Visa J-1 USA. Dossier académique et note d'intention.
seed,seed-tous-131,Stage Institutions Européennes — Parlement et Commission UE,true,tous,stage,droit_sciences_po,europe,complete,2026-09-15,0,"Programme de stages au Parlement Européen (Blue Book Traineeship) et à la Commission Européenne à Bruxelles, en politique internationale, droit et affaires publiques, avec allocation mensuelle.",https://epso.europa.eu/en/traineeships,Tout niveau (L3 min). Ressortissant d'un pays tiers éligible. B2 en anglais ou français. Dossier en ligne.
seed,seed-tous-132,Stage Design & Culture — Industries Créatives Européennes,true,tous,stage,lettres_arts,europe,partial,,200000,"Stages dans les studios de design, maisons d'édition et industries créatives européennes (Pentagram, Taschen, BBC Creative), avec accès aux créatifs professionnels et aux projets internationaux.",https://www.dezeen.com/jobs/internships/,Tout niveau. Portfolio créatif. B2 en anglais ou langue locale. Visa UE ou Erasmus+ stage.
seed,seed-tous-133,Stage ONG & Social — Institutions Humanitaires Européennes,true,tous,stage,sciences_sociales,europe,partial,2026-10-31,100000,"Stages dans les ONG et organisations humanitaires européennes basées à Bruxelles, Genève ou Berlin (ECHO, IRC, Danish Refugee Council), avec participation à des projets de terrain en Afrique.",https://reliefweb.int/training,Tout niveau. Engagement humanitaire. B2 en anglais ou français. Visa travail UE ou convention de stage.
seed,seed-tous-134,Stage Tech & Innovation — Hubs Technologiques Africains,true,tous,stage,sciences_tech,afrique,partial,,50000,"Stages de 3 à 6 mois dans les hubs technologiques africains (CcHub Lagos, iHub Nairobi, Orange Digital Center Dakar, Iceaddis Addis-Abeba), en développement, data et innovation.",https://cchub.africa/programs/,Tout niveau. Compétences en tech ou design. Résidence en Afrique. Convention de stage requise.
seed,seed-tous-135,Stage Médias & Culture — Industries Créatives Africaines,true,tous,stage,lettres_arts,afrique,partial,,50000,"Stages dans les médias, maisons de production et industries créatives africaines (Canal+ Afrique, RFI Afrique, Jeune Afrique, hubs audiovisuels), avec encadrement éditorial et créatif.",https://www.jeuneafrique.com/emploi/,Tout niveau. Portfolio ou dossier journalistique/créatif. Résidence en Afrique francophone. Convention de stage.
seed,seed-tous-136,Stage Juridique & Gouvernance — Institutions Africaines,true,tous,stage,droit_sciences_po,afrique,partial,2026-08-31,50000,"Stages dans les institutions juridiques africaines (Cour Africaine des Droits de l'Homme, CEDEAO, OHADA, cabinets d'avocats régionaux), avec encadrement par des juristes expérimentés.",https://www.african-court.org/en/internship,Tout niveau (L2 min en droit). Ressortissant africain. B2 en français ou anglais. Convention de stage.
seed,seed-tous-137,Emploi Droit & Conformité — Cabinets d'Avocats et Institutions France,true,tous,emploi,droit_sciences_po,france,complete,,0,"Postes en droit des affaires, droit public et conformité dans les cabinets d'avocats et institutions françaises (Gide, Hogan Lovells, Conseil d'État, Autorité de la Concurrence).",https://www.village-justice.com/emploi/,Tout niveau (L3 min en droit). B2 en français et anglais. Autorisation de travail France. Dossier de candidature.
seed,seed-tous-138,Emploi Médias & Industries Culturelles — France,true,tous,emploi,lettres_arts,france,complete,,0,"Postes en journalisme, production audiovisuelle, édition et communication dans les médias et industries créatives françaises (TF1, France Médias Monde, Hachette, Publicis Groupe).",https://www.francemediamonde.com/offres-d-emploi,Tout niveau. Portfolio ou expérience créative. B2 en français. Autorisation de travail France.
seed,seed-tous-139,Emploi Social & Humanitaire — Secteur Non-Lucratif France,true,tous,emploi,sciences_sociales,france,complete,,0,"Postes en gestion de projets sociaux, animation communautaire et coordination humanitaire dans les associations et institutions françaises (Secours Catholique, ADIE, Médecins du Monde).",https://www.coordinationsud.org/offres-demploi-et-stage/,Tout niveau. Engagement social démontré. B2 en français. Autorisation de travail France.
seed,seed-tous-140,Emploi Santé — Hôpitaux et Systèmes de Santé Canadiens,true,tous,emploi,sante,canada,complete,,0,"Postes en santé (infirmiers, gestionnaires de soins, pharmaciens, chercheurs) dans les hôpitaux et systèmes de santé canadiens (CISSS, CIUSSS, Toronto General Hospital), avec programme d'accueil.",https://www.torontogeneral.ca/careers,"Tout niveau. Qualification reconnue au Canada (OIIQ, CMQ…). B2 en français ou anglais. Permis de travail Canada."
seed,seed-tous-141,Emploi Arts & Médias — Industries Créatives Canadiennes,true,tous,emploi,lettres_arts,canada,complete,,0,"Postes en production audiovisuelle, design graphique, édition et médias numériques au Canada (CBC/Radio-Canada, Ubisoft Montréal, Penguin Random House Canada).",https://www.cbc.ca/careers,Tout niveau. Portfolio créatif requis. B2 en français ou anglais. Permis de travail Canada.
seed,seed-tous-142,Emploi Social & Développement — ONG et Services Communautaires Canada,true,tous,emploi,sciences_sociales,canada,complete,,0,"Postes en développement communautaire, travail social et coordination ONG au Canada (Centraide, Carrefour d'entraide, YWCA), avec programmes spécifiques pour les nouveaux arrivants.",https://www.centraide.qc.ca/emplois,Tout niveau. Engagement communautaire. B2 en français ou anglais. Permis de travail Canada.
seed,seed-tous-143,Emploi Droit & Politique — Cabinets et Think Tanks USA,true,tous,emploi,droit_sciences_po,usa,complete,,0,"Postes en droit international, politique publique et conformité dans les cabinets d'avocats américains (Sullivan & Cromwell, Skadden) et think tanks de Washington (Atlantic Council, Stimson Center).",https://www.sullcrom.com/careers,Tout niveau (L3 min en droit). Maîtrise de l'anglais professionnel. Visa H-1B ou OPT pour diplômés USA.
seed,seed-tous-144,Emploi Médias & Entertainment — Industrie Culturelle USA,true,tous,emploi,lettres_arts,usa,complete,,0,"Postes en production cinématographique, édition musicale, journalisme et communication dans l'industrie du divertissement américaine (NBCUniversal, Spotify, Condé Nast, Amazon MGM).",https://careers.nbcuniversal.com/,Tout niveau. Portfolio ou expérience créative. Maîtrise de l'anglais. Visa H-1B ou O-1 pour artistes.
seed,seed-tous-145,Emploi ONG & Développement International — USA,true,tous,emploi,sciences_sociales,usa,complete,2026-12-31,0,"Postes dans les ONG et agences de développement américaines (USAID, IRC, Save the Children USA, World Vision), avec missions terrain en Afrique et coordination depuis Washington et New York.",https://www.usaid.gov/work-usaid/careers,Tout niveau. Maîtrise de l'anglais professionnel. Expérience terrain souhaitée. Visa de travail USA requis.
seed,seed-tous-146,Emploi Droit & Institutions Européennes — Bruxelles,true,tous,emploi,droit_sciences_po,europe,complete,,0,"Postes en droit européen, affaires institutionnelles et conformité dans les institutions de l'UE (Commission Européenne, Parlement, Cour de Justice) et les cabinets de lobbying à Bruxelles.",https://epso.europa.eu/en/jobs,Tout niveau. Maîtrise du français et de l'anglais. Ressortissant d'un pays hors UE sur certains postes. Concours EPSO.
seed,seed-tous-147,Emploi Arts & Design — Industries Créatives Européennes,true,tous,emploi,lettres_arts,europe,complete,,0,"Postes en design, mode, musique et communication dans les industries créatives européennes (LVMH London, Spotify Stockholm, Bertelsmann Hamburg), avec visa talent disponible selon pays.",https://www.dezeen.com/jobs/,Tout niveau. Portfolio professionnel. B2 en anglais ou langue locale. Visa talent UE possible selon pays.
seed,seed-tous-148,Emploi ONG & Humanitaire — Institutions Européennes,true,tous,emploi,sciences_sociales,europe,complete,,0,"Postes dans les ONG et organisations humanitaires basées en Europe (Amnesty International, Oxfam Oxford, Médecins du Monde Paris, HCR Genève), avec missions terrain en Afrique.",https://www.amnesty.org/en/careers/,Tout niveau. Engagement pour les droits humains. B2 en anglais ou français. Visa travail UE ou permis séjour.
seed,seed-tous-149,Emploi Médias & Culture — Industries Créatives Africaines,true,tous,emploi,lettres_arts,afrique,complete,,0,"Postes en journalisme, production musicale, cinéma et communication dans les médias africains (Trace Urban, Jeune Afrique Group, Canal+ Afrique, MTN Music), avec forte demande de profils créatifs.",https://www.jeuneafrique.com/emploi/,Tout niveau. Portfolio ou expérience créative. Ressortissant africain. Maîtrise du français et/ou anglais.
seed,seed-tous-150,Emploi Santé — Systèmes de Santé et ONG Médicales Africaines,true,tous,emploi,sante,afrique,complete,,0,"Postes dans les systèmes de santé africains (Ministères, CHU, CSREF) et ONG médicales (MSF Afrique, IMC, PSI, Abt Associates), en médecine, pharmacie, santé communautaire et gestion sanitaire.",https://www.psi.org/work-with-psi/jobs/,Tout niveau. Diplôme reconnu localement. Ressortissant africain prioritaire. Maîtrise du français et/ou anglais.
seed,seed-tous-151,Emploi Social & Développement — ONG et Secteur Associatif Africain,true,tous,emploi,sciences_sociales,afrique,complete,,0,"Postes en développement communautaire, protection sociale et coordination humanitaire dans les ONG africaines et organisations régionales (UNICEF Afrique, Plan International, World Relief).",https://www.planinternational.org/careers/,Tout niveau. Engagement social. Ressortissant africain. Maîtrise du français et/ou anglais selon la zone.
